Общая площадь,Жилая площадь,Площадь кухни,Этаж,Год,Дом,Отделка,prices
50.67,16.1,18.8,3,2026,Не сдан,Без отделки,14201534.0
43,14.8,16.5,4,2022,unknown,unknown,15100000.0
55,35.3,6.6,2,unknown,unknown,unknown,2250000.0
97.77,56.2,14.9,8,2023,Сдан,Без отделки,18185220.0
71.8,35,13.3,6,2021,unknown,unknown,24900000.0
53,15.5,9,2,unknown,unknown,unknown,800000.0
62.89,21.9,12.8,9,2023,Сдан,Без отделки,13772910.0
65.6,31.9,12,9,2012,unknown,unknown,16800000.0
61,32,12,5,2009,unknown,unknown,13900000.0
75.31,37.5,20.5,2,2026,Не сдан,Без отделки,20521975.0
64,32.2,11.2,1,2011,unknown,unknown,10500000.0
43.67,16,11.7,9,2024,unknown,Без отделки,6485000.0
44.9,21.8,6.7,3,2027,Не сдан,Предчистовая,8377638.0
62,44,8.2,6,1988,unknown,unknown,10500000.0
42.9,24.8,6.7,1,2017,unknown,unknown,5990000.0
40.8,10.7,12.9,1,2027,Не сдан,Черновая,8180025.0
53,31.1,8.7,9,1997,unknown,unknown,5600000.0
29.1,17.2,5.5,6,unknown,unknown,unknown,4100000.0
51.7,25.9,13.4,2,2026,Не сдан,Чистовая,7755000.0
76.9,39.7,12.4,3,2024,unknown,unknown,14000000.0
40,14,14,4,2000,unknown,unknown,6000000.0
36.4,12.8,13.4,3,2026,Не сдан,Чистовая,5843500.0
20.8,10.8,5,5,1972,unknown,unknown,3500000.0
69.3,38.1,10,8,unknown,unknown,unknown,10000000.0
51.7,unknown,unknown,9,2025,Не сдан,Чистовая,8280272.0
86.6,56.6,25,6,2001,unknown,unknown,13300000.0
28,17,6,1,unknown,unknown,unknown,2900000.0
68.1,32.6,11.7,2,2024,Сдан,Без отделки,12490000.0
31.7,19,5.5,4,1967,unknown,unknown,5350000.0
20.3,10.8,4.5,3,1982,unknown,unknown,3200000.0
36.4,unknown,unknown,2,2025,Не сдан,Чистовая,6582120.0
62.7,47.9,6,5,1972,unknown,unknown,6350000.0
37.5,22,6,3,1977,unknown,unknown,4600000.0
58.5,unknown,unknown,5,2023,Сдан,Черновая,9893715.0
42.4,21.4,10,4,2008,unknown,unknown,7350000.0
191,12,20,1,unknown,unknown,unknown,1140000.0
42.7,14.1,10.9,1,2024,Сдан,Без отделки,9890000.0
51,29.5,9,1,1984,unknown,unknown,8400000.0
35,21,9,1,unknown,unknown,unknown,2600000.0
53.8,29.3,9.1,1,2024,Сдан,Неизвестно,11490000.0
55.3,16.6,22.3,1,2017,unknown,unknown,14045000.0
30.6,19.1,5.6,1,unknown,unknown,unknown,3150000.0
66.81,59.6,7.210000000000001,2,2026,Не сдан,Черновая,22720000.0
unknown,unknown,unknown,unknown,unknown,unknown,unknown,
61,44,6,4,1973,unknown,unknown,7800000.0
unknown,unknown,unknown,unknown,unknown,unknown,unknown,
35,18,8.2,8,1982,unknown,unknown,5400000.0
unknown,unknown,unknown,unknown,unknown,unknown,unknown,
unknown,unknown,unknown,unknown,unknown,unknown,unknown,
114.9,68.4,13.9,2,2000,unknown,unknown,19500000.0
unknown,unknown,unknown,unknown,unknown,unknown,unknown,
unknown,unknown,unknown,unknown,unknown,unknown,unknown,
81.9,44,8.9,1,unknown,unknown,unknown,8900000.0
unknown,unknown,unknown,unknown,unknown,unknown,unknown,
53.41,22.9,19,4,2026,Не сдан,С отделкой,13169999.0
unknown,unknown,unknown,unknown,unknown,unknown,unknown,
185,11.8,9.5,3,1976,unknown,unknown,1300000.0
unknown,unknown,unknown,unknown,unknown,unknown,unknown,
41.7,20,12,3,unknown,unknown,unknown,7500000.0
unknown,unknown,unknown,unknown,unknown,unknown,unknown,
43.77,13.7,16.5,1,2025,Не сдан,Предчистовая,8180000.0
unknown,unknown,unknown,unknown,unknown,unknown,unknown,
unknown,unknown,unknown,unknown,unknown,unknown,unknown,
55.14,23.6,15.7,2,2026,Не сдан,Предчистовая,7740000.0
unknown,unknown,unknown,unknown,unknown,unknown,unknown,
33.7,16.4,11.3,8,unknown,unknown,unknown,3000000.0
unknown,unknown,unknown,unknown,unknown,unknown,unknown,
unknown,unknown,unknown,unknown,unknown,unknown,unknown,
52.7,31,8.4,5,unknown,unknown,unknown,7500000.0
unknown,unknown,unknown,unknown,unknown,unknown,unknown,
73.52,39.7,11.8,1,2024,Не сдан,Чистовая,14590000.0
unknown,unknown,unknown,unknown,unknown,unknown,unknown,
unknown,unknown,unknown,unknown,unknown,unknown,unknown,
125.85,56.9,16.6,1,2024,Не сдан,Чистовая,29290000.0
unknown,unknown,unknown,unknown,unknown,unknown,unknown,
unknown,unknown,unknown,unknown,unknown,unknown,unknown,
91,60,25,2,unknown,unknown,unknown,14740000.0
unknown,unknown,unknown,unknown,unknown,unknown,unknown,
97.78,unknown,unknown,9,2023,Сдан,Черновая,18578200.0
unknown,unknown,unknown,unknown,unknown,unknown,unknown,
unknown,unknown,unknown,unknown,unknown,unknown,unknown,
59.63,24.5,16.4,2,2026,Не сдан,Предчистовая,9050000.0
unknown,unknown,unknown,unknown,unknown,unknown,unknown,
67.8,46.9,8.6,2,1957,unknown,unknown,4800000.0
70.8,34.8,16.2,2,2025,Сдан,Без отделки,14301600.0
unknown,unknown,unknown,unknown,unknown,unknown,unknown,
unknown,unknown,unknown,unknown,unknown,unknown,unknown,
55.39,24.8,19,1,2025,Не сдан,Предчистовая,9400000.0
unknown,unknown,unknown,unknown,unknown,unknown,unknown,
35.8,20.5,4.6,2,1962,unknown,unknown,3000000.0
unknown,unknown,unknown,unknown,unknown,unknown,unknown,
unknown,unknown,unknown,unknown,unknown,unknown,unknown,
41.2,25.1,6.5,2,unknown,unknown,unknown,3150000.0
unknown,unknown,unknown,unknown,unknown,unknown,unknown,
113,83,25,1,unknown,unknown,unknown,19430000.0
unknown,unknown,unknown,unknown,unknown,unknown,unknown,
unknown,unknown,unknown,unknown,unknown,unknown,unknown,
90,60,25,1,unknown,unknown,unknown,16410000.0
unknown,unknown,unknown,unknown,unknown,unknown,unknown,
unknown,unknown,unknown,unknown,unknown,unknown,unknown,
90,60,25,1,unknown,unknown,unknown,16410000.0
unknown,unknown,unknown,unknown,unknown,unknown,unknown,
61.14,24.2,18.5,2,2027,Не сдан,Предчистовая,8987580.0
unknown,unknown,unknown,unknown,unknown,unknown,unknown,
unknown,unknown,unknown,unknown,unknown,unknown,unknown,
39.64,11.1,14.4,3,2025,Не сдан,Предчистовая,7150000.0
unknown,unknown,unknown,unknown,unknown,unknown,unknown,
31.6,19.6,7,2,unknown,unknown,unknown,3100000.0
unknown,unknown,unknown,unknown,unknown,unknown,unknown,
unknown,unknown,unknown,unknown,unknown,unknown,unknown,
49.8,unknown,9,7,1992,unknown,unknown,6990000.0
unknown,unknown,unknown,unknown,unknown,unknown,unknown,
30,16,7,4,unknown,unknown,unknown,3625000.0
unknown,unknown,unknown,unknown,unknown,unknown,unknown,
48.5,unknown,unknown,3,2025,Не сдан,Неизвестно,9724250.0
unknown,unknown,unknown,unknown,unknown,unknown,unknown,
21.1,11.4,4.7,4,unknown,unknown,unknown,2580000.0
unknown,unknown,unknown,unknown,unknown,unknown,unknown,
unknown,unknown,unknown,unknown,unknown,unknown,unknown,
34,20,7,3,unknown,unknown,unknown,3000000.0
unknown,unknown,unknown,unknown,unknown,unknown,unknown,
unknown,unknown,unknown,unknown,unknown,unknown,unknown,
30.1,18,5,2,unknown,unknown,unknown,2100000.0
unknown,unknown,unknown,unknown,unknown,unknown,unknown,
59.1,41.9,6,2,unknown,unknown,unknown,5350000.0
unknown,unknown,unknown,unknown,unknown,unknown,unknown,
unknown,unknown,unknown,unknown,unknown,unknown,unknown,
65.2,32,12.7,4,2024,unknown,unknown,11600000.0
unknown,unknown,unknown,unknown,unknown,unknown,unknown,
30.4,10.4,8.6,2,2026,Не сдан,Чистовая,5290000.0
unknown,unknown,unknown,unknown,unknown,unknown,unknown,
unknown,unknown,unknown,unknown,unknown,unknown,unknown,
51.9,unknown,unknown,8,2025,Не сдан,Чистовая,8926800.0
unknown,unknown,unknown,unknown,unknown,unknown,unknown,
19.9,10.9,4,2,unknown,unknown,unknown,2500000.0
unknown,unknown,unknown,unknown,unknown,unknown,unknown,
unknown,unknown,unknown,unknown,unknown,unknown,unknown,
27.7,19.7,3,4,unknown,unknown,unknown,2600000.0
unknown,unknown,unknown,unknown,unknown,unknown,unknown,
unknown,unknown,unknown,unknown,unknown,unknown,unknown,
33.1,18.6,5.5,2,unknown,unknown,unknown,3300000.0
57.15,unknown,unknown,7,2025,Не сдан,Чистовая,10458450.0
unknown,unknown,unknown,unknown,unknown,unknown,unknown,
47.4,30.6,6.7,2,1959,unknown,unknown,3900000.0
unknown,unknown,unknown,unknown,unknown,unknown,unknown,
unknown,unknown,unknown,unknown,unknown,unknown,unknown,
31.3,17,6.5,5,1975,unknown,unknown,5000000.0
unknown,unknown,unknown,unknown,unknown,unknown,unknown,
41.1,27.4,6.6,4,unknown,unknown,unknown,7325000.0
unknown,unknown,unknown,unknown,unknown,unknown,unknown,
unknown,unknown,unknown,unknown,unknown,unknown,unknown,
90.4,39.6,12.2,4,2007,unknown,unknown,12490000.0
unknown,unknown,unknown,unknown,unknown,unknown,unknown,
unknown,unknown,unknown,unknown,unknown,unknown,unknown,
36,20.8,8.1,8,1992,unknown,unknown,4300000.0
unknown,unknown,unknown,unknown,unknown,unknown,unknown,
69.9,unknown,unknown,1,2025,Не сдан,Чистовая,10522746.0
unknown,unknown,unknown,unknown,unknown,unknown,unknown,
unknown,unknown,unknown,unknown,unknown,unknown,unknown,
40,19.9,11.5,2,2026,Не сдан,Без отделки,8190000.0
unknown,unknown,unknown,unknown,unknown,unknown,unknown,
29,19,5,1,unknown,unknown,unknown,3000000.0
unknown,unknown,unknown,unknown,unknown,unknown,unknown,
unknown,unknown,unknown,unknown,unknown,unknown,unknown,
54.4,32,10,1,2004,unknown,unknown,9480000.0
unknown,unknown,unknown,unknown,unknown,unknown,unknown,
unknown,unknown,unknown,unknown,unknown,unknown,unknown,
45.2,28.3,6.2,2,unknown,unknown,unknown,4850000.0
82,unknown,unknown,2,2025,Не сдан,Неизвестно,12540000.0
unknown,unknown,unknown,unknown,unknown,unknown,unknown,
109.7,unknown,unknown,3,2025,Не сдан,Неизвестно,42783000.0
unknown,unknown,unknown,unknown,unknown,unknown,unknown,
unknown,unknown,unknown,unknown,unknown,unknown,unknown,
39,11,19,1,2020,unknown,unknown,6950000.0
unknown,unknown,unknown,unknown,unknown,unknown,unknown,
77.7,52.3,9,1,unknown,unknown,unknown,7100000.0
unknown,unknown,unknown,unknown,unknown,unknown,unknown,
unknown,unknown,unknown,unknown,unknown,unknown,unknown,
125.85,55.9,16.6,1,2024,Сдан,Чистовая,29990000.0
unknown,unknown,unknown,unknown,unknown,unknown,unknown,
111.23,98.4,12.829999999999998,2,2026,Не сдан,Черновая,41170000.0
unknown,unknown,unknown,unknown,unknown,unknown,unknown,
unknown,unknown,unknown,unknown,unknown,unknown,unknown,
41.1,27.4,6.6,4,unknown,unknown,unknown,7325000.0
unknown,unknown,unknown,unknown,unknown,unknown,unknown,
52.7,31,8.4,5,unknown,unknown,unknown,7500000.0
unknown,unknown,unknown,unknown,unknown,unknown,unknown,
unknown,unknown,unknown,unknown,unknown,unknown,unknown,
157.1,60.4,29.9,9,2025,Сдан,Без отделки,32991000.0
unknown,unknown,unknown,unknown,unknown,unknown,unknown,
unknown,unknown,unknown,unknown,unknown,unknown,unknown,
68.2,47.2,7.4,4,unknown,unknown,unknown,7900000.0
unknown,unknown,unknown,unknown,unknown,unknown,unknown,
57,29.8,9.4,5,unknown,unknown,unknown,8150000.0
unknown,unknown,unknown,unknown,unknown,unknown,unknown,
unknown,unknown,unknown,unknown,unknown,unknown,unknown,
42.1,27.4,6.1,1,unknown,unknown,unknown,4450000.0
32.5,17,6,9,unknown,unknown,unknown,3000000.0
unknown,unknown,unknown,unknown,unknown,unknown,unknown,
77.7,52.3,9,1,unknown,unknown,unknown,7100000.0
unknown,unknown,unknown,unknown,unknown,unknown,unknown,
unknown,unknown,unknown,unknown,unknown,unknown,unknown,
53,35,6,2,unknown,unknown,unknown,4980000.0
unknown,unknown,unknown,unknown,unknown,unknown,unknown,
unknown,unknown,unknown,unknown,unknown,unknown,unknown,
55.9,29.6,7.4,9,unknown,unknown,unknown,7200000.0
unknown,unknown,unknown,unknown,unknown,unknown,unknown,
87.9,48.9,17.8,2,2025,Не сдан,Предчистовая,12070000.0
unknown,unknown,unknown,unknown,unknown,unknown,unknown,
unknown,unknown,unknown,unknown,unknown,unknown,unknown,
79.5,39.3,18.5,1,2022,Сдан,Черновая,11368500.0
unknown,unknown,unknown,unknown,unknown,unknown,unknown,
66.2,37.7,9.2,2,1981,unknown,unknown,7600000.0
unknown,unknown,unknown,unknown,unknown,unknown,unknown,
unknown,unknown,unknown,unknown,unknown,unknown,unknown,
50.2,36.6,6.8,2,unknown,unknown,unknown,3000000.0
unknown,unknown,unknown,unknown,unknown,unknown,unknown,
unknown,unknown,unknown,unknown,unknown,unknown,unknown,
33.3,17,5.7,7,1977,unknown,unknown,5700000.0
unknown,unknown,unknown,unknown,unknown,unknown,unknown,
34,unknown,6.9,3,unknown,unknown,unknown,6700000.0
unknown,unknown,unknown,unknown,unknown,unknown,unknown,
unknown,unknown,unknown,unknown,unknown,unknown,unknown,
45,30,6,1,unknown,unknown,unknown,4500000.0
68,36.2,10.3,1,2024,Сдан,Без отделки,12990000.0
unknown,unknown,unknown,unknown,unknown,unknown,unknown,
47.05,10.2,19.8,1,2024,Сдан,Неизвестно,9190000.0
unknown,unknown,unknown,unknown,unknown,unknown,unknown,
unknown,unknown,unknown,unknown,unknown,unknown,unknown,
85.8,45.5,14.8,1,unknown,unknown,unknown,13100000.0
unknown,unknown,unknown,unknown,unknown,unknown,unknown,
73,36.8,13.8,1,2015,unknown,unknown,13400000.0
unknown,unknown,unknown,unknown,unknown,unknown,unknown,
unknown,unknown,unknown,unknown,unknown,unknown,unknown,
42.1,15.2,14.6,2,2026,Не сдан,Чистовая,6290000.0
unknown,unknown,unknown,unknown,unknown,unknown,unknown,
unknown,unknown,unknown,unknown,unknown,unknown,unknown,
61,32,12,5,2009,unknown,unknown,13900000.0
unknown,unknown,unknown,unknown,unknown,unknown,unknown,
68.03,29.1,18.3,1,2024,Не сдан,Без отделки,13900000.0
unknown,unknown,unknown,unknown,unknown,unknown,unknown,
unknown,unknown,unknown,unknown,unknown,unknown,unknown,
68.14,26.6,18.8,3,2026,Не сдан,Предчистовая,11020000.0
unknown,unknown,unknown,unknown,unknown,unknown,unknown,
97.44,unknown,unknown,1,2023,Сдан,Черновая,21924000.0
unknown,unknown,unknown,unknown,unknown,unknown,unknown,
unknown,unknown,unknown,unknown,unknown,unknown,unknown,
48,unknown,20,7,2016,unknown,unknown,15000000.0
unknown,unknown,unknown,unknown,unknown,unknown,unknown,
unknown,unknown,unknown,unknown,unknown,unknown,unknown,
36.1,13.5,11.2,1,2026,Не сдан,Без отделки,8890000.0
unknown,unknown,unknown,unknown,unknown,unknown,unknown,
82,unknown,unknown,2,2025,Не сдан,Неизвестно,12540000.0
43.5,27,9,1,unknown,unknown,unknown,6400000.0
unknown,unknown,unknown,unknown,unknown,unknown,unknown,
unknown,unknown,unknown,unknown,unknown,unknown,unknown,
56,29,6,3,unknown,unknown,unknown,5700000.0
unknown,unknown,unknown,unknown,unknown,unknown,unknown,
109.59,59.1,26.7,1,2026,Не сдан,Без отделки,31150944.0
unknown,unknown,unknown,unknown,unknown,unknown,unknown,
unknown,unknown,unknown,unknown,unknown,unknown,unknown,
144.72,83.8,14.8,1,2023,Сдан,Без отделки,36180000.0
unknown,unknown,unknown,unknown,unknown,unknown,unknown,
unknown,unknown,unknown,unknown,unknown,unknown,unknown,
80.5,34,11.4,3,2027,Не сдан,Предчистовая,14189063.0
unknown,unknown,unknown,unknown,unknown,unknown,unknown,
85,53,12.5,1,2022,unknown,unknown,10800000.0
unknown,unknown,unknown,unknown,unknown,unknown,unknown,
unknown,unknown,unknown,unknown,unknown,unknown,unknown,
37.2,18.2,6.5,8,1975,unknown,unknown,5500000.0
unknown,unknown,unknown,unknown,unknown,unknown,unknown,
41,27,6,5,unknown,unknown,unknown,3500000.0
unknown,unknown,unknown,unknown,unknown,unknown,unknown,
unknown,unknown,unknown,unknown,unknown,unknown,unknown,
34.1,15,10.9,4,2024,unknown,unknown,6800000.0
unknown,unknown,unknown,unknown,unknown,unknown,unknown,
unknown,unknown,unknown,unknown,unknown,unknown,unknown,
64,36.7,8.3,7,1999,unknown,unknown,14500000.0
unknown,unknown,unknown,unknown,unknown,unknown,unknown,
144.72,unknown,unknown,1,2023,Сдан,Черновая,36180000.0
96.01,39.3,22.3,1,2027,Не сдан,Предчистовая,15073570.0
unknown,unknown,unknown,unknown,unknown,unknown,unknown,
unknown,unknown,unknown,unknown,unknown,unknown,unknown,
32.9,21.8,5,1,1957,unknown,unknown,3480000.0
unknown,unknown,unknown,unknown,unknown,unknown,unknown,
37,25,5,2,1958,unknown,unknown,3530000.0
unknown,unknown,unknown,unknown,unknown,unknown,unknown,
unknown,unknown,unknown,unknown,unknown,unknown,unknown,
42.77,12.8,16.4,2,2026,Не сдан,Предчистовая,7450000.0
unknown,unknown,unknown,unknown,unknown,unknown,unknown,
63.87,27,16.9,2,2026,Не сдан,Предчистовая,10010000.0
unknown,unknown,unknown,unknown,unknown,unknown,unknown,
unknown,unknown,unknown,unknown,unknown,unknown,unknown,
44.3,29,5.9,2,1963,unknown,unknown,3800000.0
unknown,unknown,unknown,unknown,unknown,unknown,unknown,
unknown,unknown,unknown,unknown,unknown,unknown,unknown,
42.42,15,15,1,2025,Не сдан,Предчистовая,7720000.0
unknown,unknown,unknown,unknown,unknown,unknown,unknown,
87.37,48.9,17.5,1,2025,Не сдан,Предчистовая,12790000.0
unknown,unknown,unknown,unknown,unknown,unknown,unknown,
unknown,unknown,unknown,unknown,unknown,unknown,unknown,
32,22,5,1,1958,unknown,unknown,4100000.0
unknown,unknown,unknown,unknown,unknown,unknown,unknown,
52,38,6,2,1947,unknown,unknown,4100000.0
unknown,unknown,unknown,unknown,unknown,unknown,unknown,
unknown,unknown,unknown,unknown,unknown,unknown,unknown,
56.91,24.4,17.1,1,2027,Не сдан,Предчистовая,9503970.0
unknown,unknown,unknown,unknown,unknown,unknown,unknown,
30.7,20.7,5,2,unknown,unknown,unknown,2800000.0
unknown,unknown,unknown,unknown,unknown,unknown,unknown,
58.3,30.7,10.1,5,unknown,unknown,unknown,11600000.0
unknown,unknown,unknown,unknown,unknown,unknown,unknown,
91,40.6,17.3,3,2027,Не сдан,Предчистовая,15728359.0
unknown,unknown,unknown,unknown,unknown,unknown,unknown,
unknown,unknown,unknown,unknown,unknown,unknown,unknown,
48.3,22.1,11,3,2027,Не сдан,Черновая,8764908.0
unknown,unknown,unknown,unknown,unknown,unknown,unknown,
unknown,unknown,unknown,unknown,unknown,unknown,unknown,
76.8,44.8,8.8,9,2027,Не сдан,Черновая,14019141.0
unknown,unknown,unknown,unknown,unknown,unknown,unknown,
52,unknown,10.5,8,2013,unknown,unknown,7950000.0
unknown,unknown,unknown,unknown,unknown,unknown,unknown,
unknown,unknown,unknown,unknown,unknown,unknown,unknown,
28.1,17.8,5,1,unknown,unknown,unknown,2000000.0
unknown,unknown,unknown,unknown,unknown,unknown,unknown,
50.9,unknown,14.5,3,2018,unknown,unknown,9280000.0
unknown,unknown,unknown,unknown,unknown,unknown,unknown,
unknown,unknown,unknown,unknown,unknown,unknown,unknown,
67.3,49.1,8.4,5,1993,unknown,unknown,13500000.0
unknown,unknown,unknown,unknown,unknown,unknown,unknown,
unknown,unknown,unknown,unknown,unknown,unknown,unknown,
68.03,29.1,18.3,1,2024,Не сдан,Без отделки,13900000.0
unknown,unknown,unknown,unknown,unknown,unknown,unknown,
68,36.2,10.3,1,2024,Сдан,Без отделки,12990000.0
unknown,unknown,unknown,unknown,unknown,unknown,unknown,
unknown,unknown,unknown,unknown,unknown,unknown,unknown,
47.05,10.2,19.8,1,2024,Сдан,Неизвестно,9190000.0
24,13.4,5.6,7,2023,unknown,unknown,4999999.0
unknown,unknown,unknown,unknown,unknown,unknown,unknown,
100.14,52.7,22.1,9,2026,Не сдан,С отделкой,32559999.0
unknown,unknown,unknown,unknown,unknown,unknown,unknown,
unknown,unknown,unknown,unknown,unknown,unknown,unknown,
104.89,56.1,22.1,7,2026,Не сдан,С отделкой,33769999.0
unknown,unknown,unknown,unknown,unknown,unknown,unknown,
49.1,36.1,8,1,1954,unknown,unknown,5200000.0
unknown,unknown,unknown,unknown,unknown,unknown,unknown,
unknown,unknown,unknown,unknown,unknown,unknown,unknown,
31.2,16.3,6,2,2014,unknown,unknown,5100000.0
unknown,unknown,unknown,unknown,unknown,unknown,unknown,
unknown,unknown,unknown,unknown,unknown,unknown,unknown,
59.5,21.1,6.5,1,unknown,unknown,unknown,1400000.0
unknown,unknown,unknown,unknown,unknown,unknown,unknown,
58,21.1,15.7,1,2008,unknown,unknown,10500000.0
unknown,unknown,unknown,unknown,unknown,unknown,unknown,
unknown,unknown,unknown,unknown,unknown,unknown,unknown,
45.3,33.1,5.5,4,1972,unknown,unknown,5300000.0
unknown,unknown,unknown,unknown,unknown,unknown,unknown,
62.21,28.9,17.2,4,2026,Не сдан,Предчистовая,10940000.0
unknown,unknown,unknown,unknown,unknown,unknown,unknown,
unknown,unknown,unknown,unknown,unknown,unknown,unknown,
68.14,26.6,18.8,3,2026,Не сдан,Предчистовая,11020000.0
unknown,unknown,unknown,unknown,unknown,unknown,unknown,
50.5,unknown,8.5,3,2020,unknown,unknown,7400000.0
unknown,unknown,unknown,unknown,unknown,unknown,unknown,
44.93,16.8,13,4,2024,Не сдан,Чистовая,14400000.0
50.5,unknown,8.5,3,2020,unknown,unknown,7400000.0
unknown,unknown,unknown,unknown,unknown,unknown,unknown,
unknown,unknown,unknown,unknown,unknown,unknown,unknown,
58.2,34,5.3,2,unknown,unknown,unknown,2500000.0
unknown,unknown,unknown,unknown,unknown,unknown,unknown,
unknown,unknown,unknown,unknown,unknown,unknown,unknown,
32.1,19.8,6,2,unknown,unknown,unknown,3150000.0
unknown,unknown,unknown,unknown,unknown,unknown,unknown,
92.7,49.7,17,2,2015,unknown,unknown,13850000.0
unknown,unknown,unknown,unknown,unknown,unknown,unknown,
unknown,unknown,unknown,unknown,unknown,unknown,unknown,
37.6,17.3,5,3,1959,unknown,unknown,3100000.0
unknown,unknown,unknown,unknown,unknown,unknown,unknown,
117.4,unknown,unknown,2,2025,Не сдан,Без отделки,22039150.0
unknown,unknown,unknown,unknown,unknown,unknown,unknown,
unknown,unknown,unknown,unknown,unknown,unknown,unknown,
66.1,24.3,21.7,1,2026,Не сдан,Предчистовая,16953262.0
unknown,unknown,unknown,unknown,unknown,unknown,unknown,
unknown,unknown,unknown,unknown,unknown,unknown,unknown,
70.4,30.3,20.4,1,2026,Не сдан,Предчистовая,18056122.0
unknown,unknown,unknown,unknown,unknown,unknown,unknown,
38,25,5,1,unknown,unknown,unknown,2900000.0
unknown,unknown,unknown,unknown,unknown,unknown,unknown,
unknown,unknown,unknown,unknown,unknown,unknown,unknown,
18.4,10.4,3,2,1958,unknown,unknown,2400000.0
unknown,unknown,unknown,unknown,unknown,unknown,unknown,
59.1,26.8,17.6,2,2023,unknown,unknown,13800000.0
33.8,23.3,4.5,2,unknown,unknown,unknown,2699000.0
unknown,unknown,unknown,unknown,unknown,unknown,unknown,
unknown,unknown,unknown,unknown,unknown,unknown,unknown,
32.5,17.4,6,3,unknown,unknown,unknown,2500000.0
unknown,unknown,unknown,unknown,unknown,unknown,unknown,
unknown,unknown,unknown,unknown,unknown,unknown,unknown,
32,17.1,6,2,1984,unknown,unknown,2400000.0
unknown,unknown,unknown,unknown,unknown,unknown,unknown,
30.9,16.8,6.8,1,1982,unknown,unknown,2990000.0
unknown,unknown,unknown,unknown,unknown,unknown,unknown,
unknown,unknown,unknown,unknown,unknown,unknown,unknown,
32,22,5,1,1958,unknown,unknown,4100000.0
unknown,unknown,unknown,unknown,unknown,unknown,unknown,
73.31,39.3,15.7,1,2026,Не сдан,Предчистовая,9590000.0
unknown,unknown,unknown,unknown,unknown,unknown,unknown,
unknown,unknown,unknown,unknown,unknown,unknown,unknown,
38.58,10.6,17.1,2,2026,Не сдан,Предчистовая,6110000.0
unknown,unknown,unknown,unknown,unknown,unknown,unknown,
unknown,unknown,unknown,unknown,unknown,unknown,unknown,
79.2,unknown,unknown,8,2025,Не сдан,Без отделки,21303770.0
unknown,unknown,unknown,unknown,unknown,unknown,unknown,
34.4,23.6,5,2,unknown,unknown,unknown,2850000.0
unknown,unknown,unknown,unknown,unknown,unknown,unknown,
unknown,unknown,unknown,unknown,unknown,unknown,unknown,
32.4,19.4,8,1,unknown,unknown,unknown,2400000.0
unknown,unknown,unknown,unknown,unknown,unknown,unknown,
45.41,unknown,7,8,unknown,unknown,unknown,2200000.0
unknown,unknown,unknown,unknown,unknown,unknown,unknown,
58.5,unknown,13.9,1,2025,Не сдан,Неизвестно,9447750.0
unknown,unknown,unknown,unknown,unknown,unknown,unknown,
59.48,unknown,unknown,1,2026,Не сдан,unknown,9423000.0
unknown,unknown,unknown,unknown,unknown,unknown,unknown,
unknown,unknown,unknown,unknown,unknown,unknown,unknown,
36,unknown,unknown,1,2025,Не сдан,С отделкой,9468000.0
unknown,unknown,unknown,unknown,unknown,unknown,unknown,
74.11,39.3,15.9,2,2026,Не сдан,Предчистовая,9500000.0
unknown,unknown,unknown,unknown,unknown,unknown,unknown,
unknown,unknown,unknown,unknown,unknown,unknown,unknown,
73.31,39.3,15.7,2,2026,Не сдан,Предчистовая,9590000.0
unknown,unknown,unknown,unknown,unknown,unknown,unknown,
41.1,14.4,12.4,6,2026,Не сдан,Без отделки,9590000.0
unknown,unknown,unknown,unknown,unknown,unknown,unknown,
unknown,unknown,unknown,unknown,unknown,unknown,unknown,
66.36,29.5,18,1,2025,Не сдан,Предчистовая,9740000.0
unknown,unknown,unknown,unknown,unknown,unknown,unknown,
61.76,unknown,unknown,5,2026,Не сдан,unknown,9711320.0
unknown,unknown,unknown,unknown,unknown,unknown,unknown,
unknown,unknown,unknown,unknown,unknown,unknown,unknown,
73.9,unknown,15.3,5,2025,Не сдан,Неизвестно,9717850.0
unknown,unknown,unknown,unknown,unknown,unknown,unknown,
unknown,unknown,unknown,unknown,unknown,unknown,unknown,
61,24.9,17.8,4,2026,Не сдан,Чистовая,9734000.0
unknown,unknown,unknown,unknown,unknown,unknown,unknown,
63.77,27.2,17.1,3,2025,Не сдан,Предчистовая,9740000.0
unknown,unknown,unknown,unknown,unknown,unknown,unknown,
unknown,unknown,unknown,unknown,unknown,unknown,unknown,
55.3,unknown,unknown,1,2025,Не сдан,Неизвестно,9843400.0
62.6,26.2,24.1,2,2026,Не сдан,Предчистовая,9924800.0
unknown,unknown,unknown,unknown,unknown,unknown,unknown,
62.6,unknown,unknown,2,2026,Не сдан,Предчистовая,9924800.0
unknown,unknown,unknown,unknown,unknown,unknown,unknown,
unknown,unknown,unknown,unknown,unknown,unknown,unknown,
55.9,24.3,12.3,3,2027,Не сдан,Черновая,9941186.0
unknown,unknown,unknown,unknown,unknown,unknown,unknown,
unknown,unknown,unknown,unknown,unknown,unknown,unknown,
66.97,31.5,17.9,2,2025,Не сдан,Предчистовая,9880000.0
unknown,unknown,unknown,unknown,unknown,unknown,unknown,
66.04,27.5,16.2,2,2025,Не сдан,Предчистовая,9890000.0
unknown,unknown,unknown,unknown,unknown,unknown,unknown,
unknown,unknown,unknown,unknown,unknown,unknown,unknown,
69.3,38.1,10,8,unknown,unknown,unknown,10000000.0
unknown,unknown,unknown,unknown,unknown,unknown,unknown,
67.25,unknown,unknown,7,2026,Не сдан,unknown,9960000.0
unknown,unknown,unknown,unknown,unknown,unknown,unknown,
unknown,unknown,unknown,unknown,unknown,unknown,unknown,
50.1,unknown,unknown,3,2025,Не сдан,Неизвестно,9994950.0
unknown,unknown,unknown,unknown,unknown,unknown,unknown,
unknown,unknown,unknown,unknown,unknown,unknown,unknown,
65.13,31.4,16.7,6,2025,Не сдан,Предчистовая,10140000.0
unknown,unknown,unknown,unknown,unknown,unknown,unknown,
69.45,29.7,22.3,2,2026,Не сдан,Чистовая,10136000.0
unknown,unknown,unknown,unknown,unknown,unknown,unknown,
unknown,unknown,unknown,unknown,unknown,unknown,unknown,
40.5,19.4,12.3,5,2020,unknown,unknown,10300000.0
70.43,unknown,unknown,2,2026,Не сдан,unknown,10273000.0
unknown,unknown,unknown,unknown,unknown,unknown,unknown,
unknown,unknown,unknown,unknown,unknown,unknown,unknown,
40.22,unknown,unknown,1,2025,Не сдан,С отделкой,10296320.0
unknown,unknown,unknown,unknown,unknown,unknown,unknown,
51.6,unknown,unknown,4,2025,Не сдан,Неизвестно,10320000.0
unknown,unknown,unknown,unknown,unknown,unknown,unknown,
unknown,unknown,unknown,unknown,unknown,unknown,unknown,
68.6,unknown,unknown,2,2025,Не сдан,unknown,10427200.0
unknown,unknown,unknown,unknown,unknown,unknown,unknown,
40.8,unknown,unknown,3,2025,Не сдан,С отделкой,10444800.0
unknown,unknown,unknown,unknown,unknown,unknown,unknown,
unknown,unknown,unknown,unknown,unknown,unknown,unknown,
64.2,unknown,unknown,1,2025,Не сдан,unknown,10528800.0
unknown,unknown,unknown,unknown,unknown,unknown,unknown,
unknown,unknown,unknown,unknown,unknown,unknown,unknown,
70,29.9,20.9,1,2026,Не сдан,Предчистовая,10600060.0
unknown,unknown,unknown,unknown,unknown,unknown,unknown,
38.86,12.5,16.2,6,2026,Не сдан,С отделкой,10579999.0
unknown,unknown,unknown,unknown,unknown,unknown,unknown,
unknown,unknown,unknown,unknown,unknown,unknown,unknown,
62.18,28.9,17.4,1,2026,Не сдан,Предчистовая,10570000.0
unknown,unknown,unknown,unknown,unknown,unknown,unknown,
69,unknown,unknown,1,2025,Не сдан,Неизвестно,10591500.0
unknown,unknown,unknown,unknown,unknown,unknown,unknown,
unknown,unknown,unknown,unknown,unknown,unknown,unknown,
69.7,unknown,unknown,2,2025,Не сдан,unknown,10594400.0
unknown,unknown,unknown,unknown,unknown,unknown,unknown,
65.2,unknown,unknown,4,2026,Не сдан,Предчистовая,10730800.0
unknown,unknown,unknown,unknown,unknown,unknown,unknown,
68.48,26.6,18.8,1,2026,Не сдан,Предчистовая,10730000.0
unknown,unknown,unknown,unknown,unknown,unknown,unknown,
55.2,24.5,12.1,1,2027,Не сдан,Черновая,10727526.0
unknown,unknown,unknown,unknown,unknown,unknown,unknown,
unknown,unknown,unknown,unknown,unknown,unknown,unknown,
58.9,unknown,unknown,2,2026,Не сдан,unknown,10864093.0
unknown,unknown,unknown,unknown,unknown,unknown,unknown,
65,unknown,unknown,7,2025,Не сдан,unknown,10790000.0
unknown,unknown,unknown,unknown,unknown,unknown,unknown,
unknown,unknown,unknown,unknown,unknown,unknown,unknown,
72.95,unknown,unknown,4,2025,Не сдан,Предчистовая,10820000.0
unknown,unknown,unknown,unknown,unknown,unknown,unknown,
unknown,unknown,unknown,unknown,unknown,unknown,unknown,
58.7,29,12.8,1,2022,Сдан,Без отделки,10803000.0
unknown,unknown,unknown,unknown,unknown,unknown,unknown,
58.1,unknown,unknown,2,2026,Не сдан,unknown,10975683.0
unknown,unknown,unknown,unknown,unknown,unknown,unknown,
unknown,unknown,unknown,unknown,unknown,unknown,unknown,
43.77,unknown,unknown,2,2025,Не сдан,С отделкой,10942500.0
unknown,unknown,unknown,unknown,unknown,unknown,unknown,
39.1,13,16.4,1,2026,Не сдан,Предчистовая,10982213.0
unknown,unknown,unknown,unknown,unknown,unknown,unknown,
unknown,unknown,unknown,unknown,unknown,unknown,unknown,
56.5,unknown,unknown,1,2026,Не сдан,Чистовая,11017500.0
unknown,unknown,unknown,unknown,unknown,unknown,unknown,
39.8,unknown,unknown,1,2026,Не сдан,Предчистовая,11089394.0
unknown,unknown,unknown,unknown,unknown,unknown,unknown,
39.8,10.9,19.7,1,2026,Не сдан,Предчистовая,11089394.0
unknown,unknown,unknown,unknown,unknown,unknown,unknown,
64.9,29.4,14.5,3,2027,Не сдан,Предчистовая,11151301.0
unknown,unknown,unknown,unknown,unknown,unknown,unknown,
unknown,unknown,unknown,unknown,unknown,unknown,unknown,
64,31.7,9.2,3,2027,Не сдан,Предчистовая,11174577.0
unknown,unknown,unknown,unknown,unknown,unknown,unknown,
67,43,9.6,8,unknown,unknown,unknown,11200000.0
unknown,unknown,unknown,unknown,unknown,unknown,unknown,
unknown,unknown,unknown,unknown,unknown,unknown,unknown,
79.7,41,12.8,1,2026,Не сдан,Предчистовая,11278700.0
unknown,unknown,unknown,unknown,unknown,unknown,unknown,
79.7,unknown,unknown,1,2026,Не сдан,Предчистовая,11278700.0
unknown,unknown,unknown,unknown,unknown,unknown,unknown,
unknown,unknown,unknown,unknown,unknown,unknown,unknown,
43.84,unknown,unknown,1,2025,Не сдан,С отделкой,11266880.0
unknown,unknown,unknown,unknown,unknown,unknown,unknown,
unknown,unknown,unknown,unknown,unknown,unknown,unknown,
65.65,unknown,unknown,1,2025,Не сдан,Чистовая,11291800.0
unknown,unknown,unknown,unknown,unknown,unknown,unknown,
69.3,29.1,18.5,6,2026,Не сдан,Предчистовая,11403200.0
unknown,unknown,unknown,unknown,unknown,unknown,unknown,
unknown,unknown,unknown,unknown,unknown,unknown,unknown,
42.78,15.2,16.7,6,2026,Не сдан,С отделкой,11369999.0
unknown,unknown,unknown,unknown,unknown,unknown,unknown,
45.8,unknown,unknown,1,2021,Сдан,Черновая,11335500.0
unknown,unknown,unknown,unknown,unknown,unknown,unknown,
74.7,unknown,15.3,1,2025,Не сдан,Неизвестно,11429100.0
unknown,unknown,unknown,unknown,unknown,unknown,unknown,
69.2,33.5,14.3,4,2023,unknown,unknown,11525000.0
unknown,unknown,unknown,unknown,unknown,unknown,unknown,
unknown,unknown,unknown,unknown,unknown,unknown,unknown,
74.5,unknown,unknown,2,2026,Не сдан,Предчистовая,11539000.0
unknown,unknown,unknown,unknown,unknown,unknown,unknown,
unknown,unknown,unknown,unknown,unknown,unknown,unknown,
53.8,29.3,9.1,1,2024,Сдан,Неизвестно,11490000.0
unknown,unknown,unknown,unknown,unknown,unknown,unknown,
58.3,30.7,10.1,5,unknown,unknown,unknown,11600000.0
unknown,unknown,unknown,unknown,unknown,unknown,unknown,
unknown,unknown,unknown,unknown,unknown,unknown,unknown,
77.97,35.4,20.6,2,2026,Не сдан,Чистовая,11600000.0
unknown,unknown,unknown,unknown,unknown,unknown,unknown,
58.3,unknown,unknown,4,2026,Не сдан,Чистовая,11660000.0
unknown,unknown,unknown,unknown,unknown,unknown,unknown,
unknown,unknown,unknown,unknown,unknown,unknown,unknown,
51.24,unknown,unknown,4,2025,Не сдан,С отделкой,11785200.0
unknown,unknown,unknown,unknown,unknown,unknown,unknown,
79.8,unknown,unknown,2,2026,Не сдан,unknown,11763000.0
unknown,unknown,unknown,unknown,unknown,unknown,unknown,
unknown,unknown,unknown,unknown,unknown,unknown,unknown,
41.3,unknown,unknown,1,2021,Сдан,Черновая,11829972.0
unknown,unknown,unknown,unknown,unknown,unknown,unknown,
unknown,unknown,unknown,unknown,unknown,unknown,unknown,
62.2,unknown,unknown,2,2025,Не сдан,Неизвестно,11818000.0
unknown,unknown,unknown,unknown,unknown,unknown,unknown,
79.3,unknown,unknown,3,2026,Не сдан,unknown,11864000.0
76.08,unknown,unknown,5,2026,Не сдан,unknown,11959560.0
unknown,unknown,unknown,unknown,unknown,unknown,unknown,
unknown,unknown,unknown,unknown,unknown,unknown,unknown,
65,30.7,16.8,1,unknown,unknown,unknown,12000000.0
unknown,unknown,unknown,unknown,unknown,unknown,unknown,
unknown,unknown,unknown,unknown,unknown,unknown,unknown,
68.1,unknown,unknown,2,2025,Не сдан,Предчистовая,12121800.0
unknown,unknown,unknown,unknown,unknown,unknown,unknown,
67.8,30.1,15.2,1,2026,Не сдан,Без отделки,12190000.0
unknown,unknown,unknown,unknown,unknown,unknown,unknown,
unknown,unknown,unknown,unknown,unknown,unknown,unknown,
64.24,unknown,unknown,1,2026,Не сдан,unknown,12349080.0
unknown,unknown,unknown,unknown,unknown,unknown,unknown,
unknown,unknown,unknown,unknown,unknown,unknown,unknown,
56.5,unknown,unknown,2,2021,Сдан,Черновая,12330052.0
unknown,unknown,unknown,unknown,unknown,unknown,unknown,
88.2,unknown,unknown,1,2026,Не сдан,Предчистовая,12310800.0
unknown,unknown,unknown,unknown,unknown,unknown,unknown,
unknown,unknown,unknown,unknown,unknown,unknown,unknown,
45,unknown,unknown,1,2025,Не сдан,Без отделки,12329483.0
unknown,unknown,unknown,unknown,unknown,unknown,unknown,
67.7,unknown,unknown,1,2025,Не сдан,unknown,12321400.0
unknown,unknown,unknown,unknown,unknown,unknown,unknown,
unknown,unknown,unknown,unknown,unknown,unknown,unknown,
87.09,unknown,unknown,1,2026,Не сдан,unknown,12454000.0
unknown,unknown,unknown,unknown,unknown,unknown,unknown,
unknown,unknown,unknown,unknown,unknown,unknown,unknown,
48.5,unknown,unknown,1,2025,Не сдан,Без отделки,12459577.0
64.7,unknown,unknown,4,2025,Не сдан,Неизвестно,12422400.0
unknown,unknown,unknown,unknown,unknown,unknown,unknown,
46,unknown,unknown,6,2025,Не сдан,Неизвестно,12420000.0
unknown,unknown,unknown,unknown,unknown,unknown,unknown,
unknown,unknown,unknown,unknown,unknown,unknown,unknown,
69.85,32.7,4.2,1,2024,Не сдан,Неизвестно,12573000.0
unknown,unknown,unknown,unknown,unknown,unknown,unknown,
unknown,unknown,unknown,unknown,unknown,unknown,unknown,
41.3,unknown,unknown,4,2025,Не сдан,Без отделки,12584399.0
unknown,unknown,unknown,unknown,unknown,unknown,unknown,
74,33.2,16.6,1,2025,Не сдан,Без отделки,12590000.0
unknown,unknown,unknown,unknown,unknown,unknown,unknown,
unknown,unknown,unknown,unknown,unknown,unknown,unknown,
66.3,30.1,15.2,2,2026,Не сдан,Без отделки,12890000.0
unknown,unknown,unknown,unknown,unknown,unknown,unknown,
57.2,unknown,unknown,8,2026,Не сдан,unknown,12870000.0
unknown,unknown,unknown,unknown,unknown,unknown,unknown,
unknown,unknown,unknown,unknown,unknown,unknown,unknown,
62.6,30.6,14.6,2,2026,Не сдан,Без отделки,12990000.0
unknown,unknown,unknown,unknown,unknown,unknown,unknown,
unknown,unknown,unknown,unknown,unknown,unknown,unknown,
70.9,unknown,unknown,7,2026,Не сдан,Чистовая,12903800.0
unknown,unknown,unknown,unknown,unknown,unknown,unknown,
56.3,unknown,unknown,3,2023,Сдан,Чистовая,12949000.0
unknown,unknown,unknown,unknown,unknown,unknown,unknown,
unknown,unknown,unknown,unknown,unknown,unknown,unknown,
56.8,unknown,unknown,3,2025,Не сдан,Без отделки,13070646.0
89.8,unknown,unknown,2,2025,Не сдан,unknown,13006500.0
unknown,unknown,unknown,unknown,unknown,unknown,unknown,
unknown,unknown,unknown,unknown,unknown,unknown,unknown,
75.1,38.3,11.5,3,2027,Не сдан,Предчистовая,13112668.0
unknown,unknown,unknown,unknown,unknown,unknown,unknown,
76.9,34.2,15.7,1,2022,Сдан,Без отделки,13068000.0
unknown,unknown,unknown,unknown,unknown,unknown,unknown,
unknown,unknown,unknown,unknown,unknown,unknown,unknown,
46.5,unknown,unknown,1,2021,Сдан,Черновая,13235063.0
unknown,unknown,unknown,unknown,unknown,unknown,unknown,
unknown,unknown,unknown,unknown,unknown,unknown,unknown,
56.6,unknown,unknown,6,2024,Сдан,Чистовая,13150000.0
unknown,unknown,unknown,unknown,unknown,unknown,unknown,
55.1,unknown,unknown,1,2021,Сдан,Черновая,13334200.0
unknown,unknown,unknown,unknown,unknown,unknown,unknown,
unknown,unknown,unknown,unknown,unknown,unknown,unknown,
64.1,30.8,14.5,2,2025,Не сдан,Без отделки,13390000.0
unknown,unknown,unknown,unknown,unknown,unknown,unknown,
69.95,34,11.1,1,2024,Сдан,Без отделки,13390000.0
unknown,unknown,unknown,unknown,unknown,unknown,unknown,
unknown,unknown,unknown,unknown,unknown,unknown,unknown,
67.3,49.1,8.4,5,1993,unknown,unknown,13500000.0
unknown,unknown,unknown,unknown,unknown,unknown,unknown,
61.6,unknown,12,1,unknown,unknown,unknown,13600000.0
unknown,unknown,unknown,unknown,unknown,unknown,unknown,
unknown,unknown,unknown,unknown,unknown,unknown,unknown,
62.42,unknown,unknown,5,2025,Не сдан,С отделкой,13669980.0
unknown,unknown,unknown,unknown,unknown,unknown,unknown,
47.92,15,18.1,2,2026,Не сдан,С отделкой,13689999.0
unknown,unknown,unknown,unknown,unknown,unknown,unknown,
99.23,unknown,unknown,1,2026,Не сдан,unknown,13694000.0
unknown,unknown,unknown,unknown,unknown,unknown,unknown,
unknown,unknown,unknown,unknown,unknown,unknown,unknown,
75.7,35,23.8,2,2026,Не сдан,Без отделки,13790000.0
unknown,unknown,unknown,unknown,unknown,unknown,unknown,
55.1,unknown,unknown,1,2026,Не сдан,Предчистовая,13724033.0
unknown,unknown,unknown,unknown,unknown,unknown,unknown,
unknown,unknown,unknown,unknown,unknown,unknown,unknown,
68.03,29.1,18.3,1,2024,Не сдан,Без отделки,13900000.0
unknown,unknown,unknown,unknown,unknown,unknown,unknown,
44.7,unknown,unknown,7,2025,Не сдан,Предчистовая,13857000.0
unknown,unknown,unknown,unknown,unknown,unknown,unknown,
unknown,unknown,unknown,unknown,unknown,unknown,unknown,
51.2,unknown,unknown,1,2021,Сдан,Черновая,13844172.0
unknown,unknown,unknown,unknown,unknown,unknown,unknown,
77.4,unknown,unknown,3,2025,Не сдан,Неизвестно,14009400.0
unknown,unknown,unknown,unknown,unknown,unknown,unknown,
unknown,unknown,unknown,unknown,unknown,unknown,unknown,
94.15,42.5,24.5,2,2026,Не сдан,Чистовая,13963500.0
unknown,unknown,unknown,unknown,unknown,unknown,unknown,
unknown,unknown,unknown,unknown,unknown,unknown,unknown,
50.67,16.1,18.8,3,2026,Не сдан,Без отделки,14201534.0
unknown,unknown,unknown,unknown,unknown,unknown,unknown,
57.34,24.3,18.9,1,2026,Не сдан,С отделкой,14179999.0
unknown,unknown,unknown,unknown,unknown,unknown,unknown,
unknown,unknown,unknown,unknown,unknown,unknown,unknown,
51.9,unknown,unknown,3,2024,Не сдан,unknown,14168700.0
57,27.5,12.6,6,2026,Не сдан,Без отделки,14190000.0
unknown,unknown,unknown,unknown,unknown,unknown,unknown,
unknown,unknown,unknown,unknown,unknown,unknown,unknown,
64.2,unknown,unknown,3,2023,Сдан,Чистовая,14124000.0
unknown,unknown,unknown,unknown,unknown,unknown,unknown,
70.55,unknown,unknown,2,2023,Сдан,Чистовая,14110000.0
unknown,unknown,unknown,unknown,unknown,unknown,unknown,
unknown,unknown,unknown,unknown,unknown,unknown,unknown,
67.24,unknown,unknown,2,2025,Не сдан,С отделкой,14254880.0
unknown,unknown,unknown,unknown,unknown,unknown,unknown,
unknown,unknown,unknown,unknown,unknown,unknown,unknown,
54.6,unknown,unknown,1,2025,Не сдан,Без отделки,14319232.0
unknown,unknown,unknown,unknown,unknown,unknown,unknown,
44.3,12.4,20,9,2025,Не сдан,Предчистовая,14322190.0
unknown,unknown,unknown,unknown,unknown,unknown,unknown,
unknown,unknown,unknown,unknown,unknown,unknown,unknown,
64,36.7,8.3,7,1999,unknown,unknown,14500000.0
unknown,unknown,unknown,unknown,unknown,unknown,unknown,
57.6,unknown,unknown,4,2025,Не сдан,Предчистовая,14457600.0
unknown,unknown,unknown,unknown,unknown,unknown,unknown,
unknown,unknown,unknown,unknown,unknown,unknown,unknown,
78.2,33,17.6,1,2024,Сдан,Чистовая,14490000.0
unknown,unknown,unknown,unknown,unknown,unknown,unknown,
unknown,unknown,unknown,unknown,unknown,unknown,unknown,
85.9,45.7,12.5,4,2027,Не сдан,Предчистовая,14663880.0
unknown,unknown,unknown,unknown,unknown,unknown,unknown,
93.62,unknown,unknown,2,2024,Сдан,Неизвестно,14698340.0
67.63,unknown,unknown,1,2025,Не сдан,С отделкой,14608080.0
unknown,unknown,unknown,unknown,unknown,unknown,unknown,
unknown,unknown,unknown,unknown,unknown,unknown,unknown,
60.85,unknown,unknown,1,2026,Не сдан,unknown,14740700.0
unknown,unknown,unknown,unknown,unknown,unknown,unknown,
unknown,unknown,unknown,unknown,unknown,unknown,unknown,
56.74,unknown,unknown,4,2026,Не сдан,Без отделки,14752400.0
unknown,unknown,unknown,unknown,unknown,unknown,unknown,
57.4,23.7,8.4,1,2026,Не сдан,Предчистовая,14721895.0
unknown,unknown,unknown,unknown,unknown,unknown,unknown,
unknown,unknown,unknown,unknown,unknown,unknown,unknown,
59.7,unknown,unknown,1,2026,Не сдан,Предчистовая,14869778.0
unknown,unknown,unknown,unknown,unknown,unknown,unknown,
105.79,unknown,unknown,3,2026,Не сдан,unknown,14917000.0
unknown,unknown,unknown,unknown,unknown,unknown,unknown,
unknown,unknown,unknown,unknown,unknown,unknown,unknown,
98,72,11,6,1994,unknown,unknown,15000000.0
unknown,unknown,unknown,unknown,unknown,unknown,unknown,
unknown,unknown,unknown,unknown,unknown,unknown,unknown,
67,28.8,17.7,6,2025,Не сдан,Без отделки,14990000.0
unknown,unknown,unknown,unknown,unknown,unknown,unknown,
95.53,unknown,unknown,3,2024,Сдан,Неизвестно,15189270.0
unknown,unknown,unknown,unknown,unknown,unknown,unknown,
unknown,unknown,unknown,unknown,unknown,unknown,unknown,
51,12.3,24.4,1,2026,Не сдан,Предчистовая,15157363.0
unknown,unknown,unknown,unknown,unknown,unknown,unknown,
48.8,26.4,5.8,8,2025,Не сдан,Предчистовая,15274400.0
unknown,unknown,unknown,unknown,unknown,unknown,unknown,
48.8,unknown,unknown,8,2025,Не сдан,Предчистовая,15274400.0
unknown,unknown,unknown,unknown,unknown,unknown,unknown,
93.45,42.5,24.5,4,2026,Не сдан,Чистовая,15296000.0
unknown,unknown,unknown,unknown,unknown,unknown,unknown,
unknown,unknown,unknown,unknown,unknown,unknown,unknown,
60.85,unknown,unknown,1,2021,Сдан,Черновая,15462776.0
unknown,unknown,unknown,unknown,unknown,unknown,unknown,
90.2,49.6,14.7,1,2022,Сдан,Без отделки,15516000.0
unknown,unknown,unknown,unknown,unknown,unknown,unknown,
unknown,unknown,unknown,unknown,unknown,unknown,unknown,
61.9,unknown,unknown,1,2025,Не сдан,unknown,15475000.0
unknown,unknown,unknown,unknown,unknown,unknown,unknown,
unknown,unknown,unknown,unknown,unknown,unknown,unknown,
52.8,14.9,24.1,2,2026,Не сдан,Предчистовая,15692329.0
unknown,unknown,unknown,unknown,unknown,unknown,unknown,
60.55,unknown,unknown,4,2026,Не сдан,Без отделки,15743000.0
unknown,unknown,unknown,unknown,unknown,unknown,unknown,
unknown,unknown,unknown,unknown,unknown,unknown,unknown,
91,40.6,17.3,3,2027,Не сдан,Предчистовая,15728359.0
unknown,unknown,unknown,unknown,unknown,unknown,unknown,
97,unknown,unknown,2,2025,Не сдан,Неизвестно,15616000.0
unknown,unknown,unknown,unknown,unknown,unknown,unknown,
unknown,unknown,unknown,unknown,unknown,unknown,unknown,
59.2,unknown,unknown,2,2026,Не сдан,Предчистовая,15894253.0
unknown,unknown,unknown,unknown,unknown,unknown,unknown,
62,unknown,unknown,3,2026,Не сдан,Предчистовая,15920918.0
unknown,unknown,unknown,unknown,unknown,unknown,unknown,
unknown,unknown,unknown,unknown,unknown,unknown,unknown,
62.8,unknown,unknown,2,2025,Не сдан,Без отделки,15998112.0
53.7,15.9,14.9,1,2026,Не сдан,Предчистовая,15959812.0
unknown,unknown,unknown,unknown,unknown,unknown,unknown,
unknown,unknown,unknown,unknown,unknown,unknown,unknown,
61.8,unknown,unknown,1,2024,Сдан,Чистовая,16150000.0
unknown,unknown,unknown,unknown,unknown,unknown,unknown,
78.5,35.9,23.6,3,2025,Сдан,Без отделки,16642000.0
unknown,unknown,unknown,unknown,unknown,unknown,unknown,
unknown,unknown,unknown,unknown,unknown,unknown,unknown,
69.9,unknown,unknown,2,2025,Не сдан,Предчистовая,16776000.0
unknown,unknown,unknown,unknown,unknown,unknown,unknown,
81.01,unknown,unknown,2,2025,Не сдан,С отделкой,16769070.0
unknown,unknown,unknown,unknown,unknown,unknown,unknown,
unknown,unknown,unknown,unknown,unknown,unknown,unknown,
81.45,unknown,unknown,4,2025,Не сдан,С отделкой,17023050.0
unknown,unknown,unknown,unknown,unknown,unknown,unknown,
80.85,unknown,unknown,1,2023,Сдан,С отделкой,16978500.0
unknown,unknown,unknown,unknown,unknown,unknown,unknown,
unknown,unknown,unknown,unknown,unknown,unknown,unknown,
61,29.1,11,1,2015,unknown,unknown,17500000.0
unknown,unknown,unknown,unknown,unknown,unknown,unknown,
58.7,30,10,8,2020,unknown,unknown,17500000.0
unknown,unknown,unknown,unknown,unknown,unknown,unknown,
unknown,unknown,unknown,unknown,unknown,unknown,unknown,
104.8,unknown,unknown,2,2026,Не сдан,unknown,17505000.0
unknown,unknown,unknown,unknown,unknown,unknown,unknown,
unknown,unknown,unknown,unknown,unknown,unknown,unknown,
91,unknown,unknown,1,2025,Не сдан,Неизвестно,17587200.0
98,47,14.2,1,unknown,unknown,unknown,17800000.0
unknown,unknown,unknown,unknown,unknown,unknown,unknown,
unknown,unknown,unknown,unknown,unknown,unknown,unknown,
63.73,unknown,unknown,3,2024,Не сдан,Предчистовая,17844400.0
unknown,unknown,unknown,unknown,unknown,unknown,unknown,
68.1,unknown,unknown,8,2025,Не сдан,Предчистовая,17774100.0
unknown,unknown,unknown,unknown,unknown,unknown,unknown,
unknown,unknown,unknown,unknown,unknown,unknown,unknown,
74.56,34.7,20.8,4,2026,Не сдан,С отделкой,18059999.0
unknown,unknown,unknown,unknown,unknown,unknown,unknown,
97.77,56.2,14.9,8,2023,Сдан,Без отделки,18185220.0
unknown,unknown,unknown,unknown,unknown,unknown,unknown,
unknown,unknown,unknown,unknown,unknown,unknown,unknown,
67.4,24.3,24.4,1,2025,Не сдан,Предчистовая,18198000.0
unknown,unknown,unknown,unknown,unknown,unknown,unknown,
unknown,unknown,unknown,unknown,unknown,unknown,unknown,
93.9,unknown,unknown,2,2025,Не сдан,Без отделки,18337449.0
unknown,unknown,unknown,unknown,unknown,unknown,unknown,
97.78,unknown,unknown,9,2023,Сдан,Черновая,18578200.0
unknown,unknown,unknown,unknown,unknown,unknown,unknown,
unknown,unknown,unknown,unknown,unknown,unknown,unknown,
85.05,unknown,unknown,7,2025,Не сдан,С отделкой,18625950.0
unknown,unknown,unknown,unknown,unknown,unknown,unknown,
67.03,unknown,unknown,2,2024,Не сдан,Предчистовая,18768400.0
unknown,unknown,unknown,unknown,unknown,unknown,unknown,
unknown,unknown,unknown,unknown,unknown,unknown,unknown,
98.7,unknown,unknown,2,2025,Не сдан,Неизвестно,18753000.0
unknown,unknown,unknown,unknown,unknown,unknown,unknown,
79.3,unknown,unknown,2,2025,Не сдан,Предчистовая,19032000.0
unknown,unknown,unknown,unknown,unknown,unknown,unknown,
59.33,25,20.7,2,2026,Не сдан,С отделкой,19039999.0
unknown,unknown,unknown,unknown,unknown,unknown,unknown,
82.5,47.2,14.5,9,2016,unknown,unknown,19199000.0
unknown,unknown,unknown,unknown,unknown,unknown,unknown,
unknown,unknown,unknown,unknown,unknown,unknown,unknown,
77.65,unknown,unknown,1,2026,Не сдан,unknown,19582800.0
unknown,unknown,unknown,unknown,unknown,unknown,unknown,
unknown,unknown,unknown,unknown,unknown,unknown,unknown,
85,unknown,12.5,1,unknown,unknown,unknown,19725000.0
unknown,unknown,unknown,unknown,unknown,unknown,unknown,
68.6,unknown,unknown,1,2024,Сдан,Чистовая,19600000.0
unknown,unknown,unknown,unknown,unknown,unknown,unknown,
unknown,unknown,unknown,unknown,unknown,unknown,unknown,
91.5,45.4,19.6,7,2026,Не сдан,Без отделки,19990000.0
unknown,unknown,unknown,unknown,unknown,unknown,unknown,
96.98,unknown,unknown,2,2025,Не сдан,С отделкой,19977880.0
unknown,unknown,unknown,unknown,unknown,unknown,unknown,
unknown,unknown,unknown,unknown,unknown,unknown,unknown,
65.9,unknown,unknown,5,2024,Не сдан,unknown,19967700.0
unknown,unknown,unknown,unknown,unknown,unknown,unknown,
unknown,unknown,unknown,unknown,unknown,unknown,unknown,
72.7,unknown,unknown,7,2026,Не сдан,Предчистовая,20069562.0
unknown,unknown,unknown,unknown,unknown,unknown,unknown,
78.1,unknown,unknown,7,2025,Не сдан,Предчистовая,20227900.0
unknown,unknown,unknown,unknown,unknown,unknown,unknown,
unknown,unknown,unknown,unknown,unknown,unknown,unknown,
76.23,unknown,unknown,8,2026,Не сдан,Без отделки,20582100.0
73.21,unknown,unknown,4,2024,Не сдан,Предчистовая,20498800.0
unknown,unknown,unknown,unknown,unknown,unknown,unknown,
unknown,unknown,unknown,unknown,unknown,unknown,unknown,
73.68,unknown,unknown,2,2024,Не сдан,Предчистовая,20630400.0
unknown,unknown,unknown,unknown,unknown,unknown,unknown,
82.6,unknown,unknown,1,2025,Не сдан,unknown,20650000.0
unknown,unknown,unknown,unknown,unknown,unknown,unknown,
unknown,unknown,unknown,unknown,unknown,unknown,unknown,
81.4,unknown,unknown,1,2024,Сдан,Чистовая,20850000.0
unknown,unknown,unknown,unknown,unknown,unknown,unknown,
66.1,51.6,14.499999999999993,2,2026,Не сдан,Черновая,21030000.0
unknown,unknown,unknown,unknown,unknown,unknown,unknown,
unknown,unknown,unknown,unknown,unknown,unknown,unknown,
91.4,unknown,unknown,1,2021,Сдан,Черновая,21277189.0
unknown,unknown,unknown,unknown,unknown,unknown,unknown,
unknown,unknown,unknown,unknown,unknown,unknown,unknown,
79.64,41.1,19.3,7,2026,Не сдан,С отделкой,21619999.0
unknown,unknown,unknown,unknown,unknown,unknown,unknown,
61.36,50.9,10.46,1,2026,Не сдан,Черновая,21490000.0
unknown,unknown,unknown,unknown,unknown,unknown,unknown,
unknown,unknown,unknown,unknown,unknown,unknown,unknown,
57.3,unknown,unknown,2,2025,Не сдан,Неизвестно,21774000.0
unknown,unknown,unknown,unknown,unknown,unknown,unknown,
87.1,unknown,unknown,1,2025,Не сдан,unknown,21775000.0
unknown,unknown,unknown,unknown,unknown,unknown,unknown,
unknown,unknown,unknown,unknown,unknown,unknown,unknown,
86.2,unknown,unknown,2,2026,Не сдан,Предчистовая,21906523.0
100.32,unknown,unknown,1,2025,Не сдан,С отделкой,21970080.0
unknown,unknown,unknown,unknown,unknown,unknown,unknown,
unknown,unknown,unknown,unknown,unknown,unknown,unknown,
105.9,unknown,unknown,5,2021,Сдан,Черновая,22147502.0
unknown,unknown,unknown,unknown,unknown,unknown,unknown,
58.3,unknown,unknown,2,2025,Не сдан,Неизвестно,22154000.0
unknown,unknown,unknown,unknown,unknown,unknown,unknown,
unknown,unknown,unknown,unknown,unknown,unknown,unknown,
75,unknown,unknown,6,2025,Не сдан,Неизвестно,22500000.0
unknown,unknown,unknown,unknown,unknown,unknown,unknown,
unknown,unknown,unknown,unknown,unknown,unknown,unknown,
92.8,unknown,unknown,1,2021,Сдан,Черновая,22700643.0
unknown,unknown,unknown,unknown,unknown,unknown,unknown,
68.52,28.9,20.1,1,2026,Не сдан,С отделкой,22569999.0
unknown,unknown,unknown,unknown,unknown,unknown,unknown,
unknown,unknown,unknown,unknown,unknown,unknown,unknown,
81.72,unknown,unknown,3,2024,Не сдан,Предчистовая,22881600.0
unknown,unknown,unknown,unknown,unknown,unknown,unknown,
105.4,unknown,unknown,1,2021,Сдан,Черновая,22892985.0
unknown,unknown,unknown,unknown,unknown,unknown,unknown,
unknown,unknown,unknown,unknown,unknown,unknown,unknown,
85.9,unknown,unknown,5,2025,Не сдан,Без отделки,22971979.0
unknown,unknown,unknown,unknown,unknown,unknown,unknown,
unknown,unknown,unknown,unknown,unknown,unknown,unknown,
82.78,unknown,unknown,2,2024,Не сдан,Предчистовая,23178400.0
unknown,unknown,unknown,unknown,unknown,unknown,unknown,
123.18,68.6,16.3,6,2023,Сдан,Черновая,23034660.0
unknown,unknown,unknown,unknown,unknown,unknown,unknown,
87.2,40.5,19.6,5,2026,Не сдан,Предчистовая,23012965.0
unknown,unknown,unknown,unknown,unknown,unknown,unknown,
80.65,unknown,unknown,6,2024,Не сдан,Предчистовая,23388500.0
unknown,unknown,unknown,unknown,unknown,unknown,unknown,
unknown,unknown,unknown,unknown,unknown,unknown,unknown,
84.48,unknown,unknown,4,2024,Не сдан,Предчистовая,23654400.0
unknown,unknown,unknown,unknown,unknown,unknown,unknown,
124.52,unknown,unknown,7,2023,Сдан,Без отделки,23658800.0
unknown,unknown,unknown,unknown,unknown,unknown,unknown,
unknown,unknown,unknown,unknown,unknown,unknown,unknown,
99.3,45.1,24.8,2,2025,Не сдан,Предчистовая,23832000.0
unknown,unknown,unknown,unknown,unknown,unknown,unknown,
84.82,unknown,unknown,2,2024,Не сдан,Предчистовая,23749600.0
unknown,unknown,unknown,unknown,unknown,unknown,unknown,
unknown,unknown,unknown,unknown,unknown,unknown,unknown,
94.8,unknown,unknown,2,2026,Не сдан,Предчистовая,24092093.0
unknown,unknown,unknown,unknown,unknown,unknown,unknown,
unknown,unknown,unknown,unknown,unknown,unknown,unknown,
94.8,40.7,30.7,2,2026,Не сдан,Предчистовая,24092064.0
unknown,unknown,unknown,unknown,unknown,unknown,unknown,
67.93,60,7.930000000000007,2,2026,Не сдан,Черновая,24460000.0
unknown,unknown,unknown,unknown,unknown,unknown,unknown,
unknown,unknown,unknown,unknown,unknown,unknown,unknown,
109.7,unknown,unknown,4,2026,Не сдан,Предчистовая,25213448.0
unknown,unknown,unknown,unknown,unknown,unknown,unknown,
73.61,unknown,unknown,3,2024,Сдан,Без отделки,26000000.0
unknown,unknown,unknown,unknown,unknown,unknown,unknown,
unknown,unknown,unknown,unknown,unknown,unknown,unknown,
112.1,46.7,33.1,2,2025,Не сдан,Без отделки,26444462.0
125.52,unknown,unknown,1,2023,Сдан,Черновая,26610240.0
unknown,unknown,unknown,unknown,unknown,unknown,unknown,
unknown,unknown,unknown,unknown,unknown,unknown,unknown,
125.52,68.6,15.4,1,2023,Сдан,Без отделки,26610240.0
unknown,unknown,unknown,unknown,unknown,unknown,unknown,
70.2,unknown,unknown,2,2025,Не сдан,Неизвестно,26676000.0
unknown,unknown,unknown,unknown,unknown,unknown,unknown,
unknown,unknown,unknown,unknown,unknown,unknown,unknown,
73.46,65.6,7.859999999999999,2,2026,Не сдан,Черновая,27190000.0
unknown,unknown,unknown,unknown,unknown,unknown,unknown,
100.5,42.9,31.7,9,2025,Не сдан,Предчистовая,27135000.0
unknown,unknown,unknown,unknown,unknown,unknown,unknown,
unknown,unknown,unknown,unknown,unknown,unknown,unknown,
109,unknown,unknown,1,2025,Не сдан,unknown,27250000.0
unknown,unknown,unknown,unknown,unknown,unknown,unknown,
unknown,unknown,unknown,unknown,unknown,unknown,unknown,
115.5,unknown,unknown,1,2021,Сдан,Черновая,27881007.0
unknown,unknown,unknown,unknown,unknown,unknown,unknown,
62.1,unknown,unknown,6,2025,Не сдан,Неизвестно,27945000.0
unknown,unknown,unknown,unknown,unknown,unknown,unknown,
unknown,unknown,unknown,unknown,unknown,unknown,unknown,
119.2,unknown,unknown,1,2021,Сдан,Черновая,29414984.0
unknown,unknown,unknown,unknown,unknown,unknown,unknown,
77.39,67.4,9.989999999999995,4,2026,Не сдан,Черновая,29420000.0
unknown,unknown,unknown,unknown,unknown,unknown,unknown,
unknown,unknown,unknown,unknown,unknown,unknown,unknown,
116,unknown,unknown,1,2021,Сдан,Черновая,30309060.0
150.68,unknown,unknown,1,2026,Не сдан,unknown,30452360.0
unknown,unknown,unknown,unknown,unknown,unknown,unknown,
unknown,unknown,unknown,unknown,unknown,unknown,unknown,
103.1,unknown,unknown,4,2024,Не сдан,unknown,31033100.0
unknown,unknown,unknown,unknown,unknown,unknown,unknown,
109.59,59.1,26.7,1,2026,Не сдан,Без отделки,31150944.0
unknown,unknown,unknown,unknown,unknown,unknown,unknown,
unknown,unknown,unknown,unknown,unknown,unknown,unknown,
95.64,42.2,23.4,1,2026,Не сдан,С отделкой,31539999.0
unknown,unknown,unknown,unknown,unknown,unknown,unknown,
88.39,77.9,10.489999999999995,2,2026,Не сдан,Черновая,31830000.0
unknown,unknown,unknown,unknown,unknown,unknown,unknown,
unknown,unknown,unknown,unknown,unknown,unknown,unknown,
91.98,82.1,9.88000000000001,2,2026,Не сдан,Черновая,33120000.0
unknown,unknown,unknown,unknown,unknown,unknown,unknown,
unknown,unknown,unknown,unknown,unknown,unknown,unknown,
104.89,56.1,22.1,7,2026,Не сдан,С отделкой,33769999.0
unknown,unknown,unknown,unknown,unknown,unknown,unknown,
113.82,unknown,unknown,2,2023,Сдан,Без отделки,34146000.0
unknown,unknown,unknown,unknown,unknown,unknown,unknown,
unknown,unknown,unknown,unknown,unknown,unknown,unknown,
130.7,unknown,unknown,2,2024,Не сдан,Предчистовая,35289000.0
unknown,unknown,unknown,unknown,unknown,unknown,unknown,
95.79,88.2,7.590000000000003,4,2026,Не сдан,Черновая,35450000.0
unknown,unknown,unknown,unknown,unknown,unknown,unknown,
unknown,unknown,unknown,unknown,unknown,unknown,unknown,
144.72,83.8,14.8,1,2023,Сдан,Без отделки,36180000.0
unknown,unknown,unknown,unknown,unknown,unknown,unknown,
145.68,unknown,unknown,1,2023,Сдан,Без отделки,36420000.0
unknown,unknown,unknown,unknown,unknown,unknown,unknown,
99.16,87.3,11.86,6,2026,Не сдан,Черновая,36700000.0
unknown,unknown,unknown,unknown,unknown,unknown,unknown,
128.47,unknown,unknown,5,2024,Не сдан,Предчистовая,37256300.0
unknown,unknown,unknown,unknown,unknown,unknown,unknown,
unknown,unknown,unknown,unknown,unknown,unknown,unknown,
108.23,93.6,14.63000000000001,1,2026,Не сдан,Черновая,37890000.0
unknown,unknown,unknown,unknown,unknown,unknown,unknown,
unknown,unknown,unknown,unknown,unknown,unknown,unknown,
146.85,83.8,14.9,2,2023,Сдан,Без отделки,38915250.0
unknown,unknown,unknown,unknown,unknown,unknown,unknown,
127.85,unknown,unknown,2,2023,Сдан,Без отделки,39633500.0
unknown,unknown,unknown,unknown,unknown,unknown,unknown,
unknown,unknown,unknown,unknown,unknown,unknown,unknown,
98.5,unknown,unknown,5,2025,Не сдан,Неизвестно,40385000.0
unknown,unknown,unknown,unknown,unknown,unknown,unknown,
108.2,unknown,unknown,4,2025,Не сдан,Неизвестно,43280000.0
unknown,unknown,unknown,unknown,unknown,unknown,unknown,
unknown,unknown,unknown,unknown,unknown,unknown,unknown,
121.46,101.7,19.75999999999999,6,2026,Не сдан,Черновая,43740000.0
unknown,unknown,unknown,unknown,unknown,unknown,unknown,
unknown,unknown,unknown,unknown,unknown,unknown,unknown,
127,72,22,6,2015,unknown,unknown,47000000.0
unknown,unknown,unknown,unknown,unknown,unknown,unknown,
130.4,unknown,unknown,3,2025,Не сдан,Неизвестно,50856000.0
unknown,unknown,unknown,unknown,unknown,unknown,unknown,
unknown,unknown,unknown,unknown,unknown,unknown,unknown,
168.8,unknown,unknown,1,2021,Сдан,Черновая,53805000.0
139.3,unknown,unknown,3,2025,Не сдан,Неизвестно,54327000.0
unknown,unknown,unknown,unknown,unknown,unknown,unknown,
unknown,unknown,unknown,unknown,unknown,unknown,unknown,
127.8,unknown,unknown,6,2025,Не сдан,Неизвестно,57510000.0
unknown,unknown,unknown,unknown,unknown,unknown,unknown,
163.2,unknown,unknown,1,2021,Сдан,Черновая,61200000.0
unknown,unknown,unknown,unknown,unknown,unknown,unknown,
unknown,unknown,unknown,unknown,unknown,unknown,unknown,
170.4,unknown,unknown,1,2021,Сдан,Черновая,63900000.0
unknown,unknown,unknown,unknown,unknown,unknown,unknown,
172.5,unknown,unknown,2,2021,Сдан,Черновая,64687500.0
unknown,unknown,unknown,unknown,unknown,unknown,unknown,
unknown,unknown,unknown,unknown,unknown,unknown,unknown,
206.4,unknown,unknown,1,2021,Сдан,Черновая,77400000.0
unknown,unknown,unknown,unknown,unknown,unknown,unknown,
unknown,unknown,unknown,unknown,unknown,unknown,unknown,
218.3,unknown,unknown,2,2021,Сдан,Черновая,81862500.0
unknown,unknown,unknown,unknown,unknown,unknown,unknown,
35,unknown,6,3,unknown,unknown,unknown,1500000.0
unknown,unknown,unknown,unknown,unknown,unknown,unknown,
unknown,unknown,unknown,unknown,unknown,unknown,unknown,
30.9,16.8,6.8,1,1982,unknown,unknown,2990000.0
unknown,unknown,unknown,unknown,unknown,unknown,unknown,
31,18.6,5.7,2,1962,unknown,unknown,3200000.0
unknown,unknown,unknown,unknown,unknown,unknown,unknown,
unknown,unknown,unknown,unknown,unknown,unknown,unknown,
32.9,21.8,5,1,1957,unknown,unknown,3480000.0
38.6,26.9,4.8,1,1959,unknown,unknown,3500000.0
unknown,unknown,unknown,unknown,unknown,unknown,unknown,
unknown,unknown,unknown,unknown,unknown,unknown,unknown,
28.5,18,5,2,1983,unknown,unknown,3680000.0
unknown,unknown,unknown,unknown,unknown,unknown,unknown,
30.8,18.1,5.8,2,1965,unknown,unknown,3990000.0
unknown,unknown,unknown,unknown,unknown,unknown,unknown,
unknown,unknown,unknown,unknown,unknown,unknown,unknown,
52,38,6,2,1947,unknown,unknown,4100000.0
unknown,unknown,unknown,unknown,unknown,unknown,unknown,
unknown,unknown,unknown,unknown,unknown,unknown,unknown,
56.6,40,5.5,1,1941,unknown,unknown,4190000.0
unknown,unknown,unknown,unknown,unknown,unknown,unknown,
31,16.6,6.6,3,1976,unknown,unknown,4200000.0
unknown,unknown,unknown,unknown,unknown,unknown,unknown,
unknown,unknown,unknown,unknown,unknown,unknown,unknown,
30,15,6,3,1960,unknown,unknown,4299000.0
unknown,unknown,unknown,unknown,unknown,unknown,unknown,
33,20,6,3,1963,unknown,unknown,4300000.0
unknown,unknown,unknown,unknown,unknown,unknown,unknown,
unknown,unknown,unknown,unknown,unknown,unknown,unknown,
30.5,20.6,4.9,3,1961,unknown,unknown,4450000.0
unknown,unknown,unknown,unknown,unknown,unknown,unknown,
unknown,unknown,unknown,unknown,unknown,unknown,unknown,
31.3,16,9,2,2011,unknown,unknown,4600000.0
unknown,unknown,unknown,unknown,unknown,unknown,unknown,
41.8,31,5.7,4,1962,unknown,unknown,4800000.0
unknown,unknown,unknown,unknown,unknown,unknown,unknown,
